http://data.europeana.eu/item/2059208/archives_items_16066_,http://www.mimo-db.eu/InstrumentsKeywords/2521
http://data.europeana.eu/item/2059208/archives_items_16066_,http://www.mimo-db.eu/InstrumentsKeywords/2521
http://data.europeana.eu/item/2059208/archives_items_16066_,http://www.mimo-db.eu/InstrumentsKeywords/2521
http://data.europeana.eu/item/2059208/archives_items_16066_,http://www.mimo-db.eu/InstrumentsKeywords/2521
http://data.europeana.eu/item/2059208/archives_items_16080_,http://www.mimo-db.eu/InstrumentsKeywords/2864
http://data.europeana.eu/item/2059208/archives_items_16080_,http://www.mimo-db.eu/InstrumentsKeywords/2864
http://data.europeana.eu/item/2059208/archives_items_16080_,http://www.mimo-db.eu/InstrumentsKeywords/2864
http://data.europeana.eu/item/2059208/archives_items_16080_,http://www.mimo-db.eu/InstrumentsKeywords/2864
http://data.europeana.eu/item/2059208/archives_items_16067_,http://www.mimo-db.eu/InstrumentsKeywords/6557
http://data.europeana.eu/item/2059208/archives_items_16067_,http://www.mimo-db.eu/InstrumentsKeywords/6557
http://data.europeana.eu/item/2059208/archives_items_16067_,http://www.mimo-db.eu/InstrumentsKeywords/6557
http://data.europeana.eu/item/2059208/archives_items_16067_,http://www.mimo-db.eu/InstrumentsKeywords/6557
http://data.europeana.eu/item/2059208/archives_items_16058_,http://www.mimo-db.eu/InstrumentsKeywords/3538
http://data.europeana.eu/item/2059208/archives_items_16058_,http://www.mimo-db.eu/InstrumentsKeywords/3538
http://data.europeana.eu/item/2059208/archives_items_16058_,http://www.mimo-db.eu/InstrumentsKeywords/3538
http://data.europeana.eu/item/2059208/archives_items_16058_,http://www.mimo-db.eu/InstrumentsKeywords/3538
http://data.europeana.eu/item/2059208/archives_items_16065_,http://www.mimo-db.eu/InstrumentsKeywords/2887
http://data.europeana.eu/item/2059208/archives_items_16065_,http://www.mimo-db.eu/InstrumentsKeywords/2887
http://data.europeana.eu/item/2059208/archives_items_16065_,http://www.mimo-db.eu/InstrumentsKeywords/2887
http://data.europeana.eu/item/2059208/archives_items_16065_,http://www.mimo-db.eu/InstrumentsKeywords/2887
http://data.europeana.eu/item/2059208/archives_items_16085_,http://www.mimo-db.eu/InstrumentsKeywords/2424
http://data.europeana.eu/item/2059208/archives_items_16085_,http://www.mimo-db.eu/InstrumentsKeywords/2424
http://data.europeana.eu/item/2059208/archives_items_16085_,http://www.mimo-db.eu/InstrumentsKeywords/2424
http://data.europeana.eu/item/2059208/archives_items_16085_,http://www.mimo-db.eu/InstrumentsKeywords/2424
http://data.europeana.eu/item/2059208/archives_items_16061_,http://www.mimo-db.eu/InstrumentsKeywords/2381
http://data.europeana.eu/item/2059208/archives_items_16084_,http://www.mimo-db.eu/InstrumentsKeywords/2381
http://data.europeana.eu/item/2059208/archives_items_16083_,http://www.mimo-db.eu/InstrumentsKeywords/2381
http://data.europeana.eu/item/2059208/archives_items_16061_,http://www.mimo-db.eu/InstrumentsKeywords/2381
http://data.europeana.eu/item/2059208/archives_items_16084_,http://www.mimo-db.eu/InstrumentsKeywords/2381
http://data.europeana.eu/item/2059208/archives_items_16083_,http://www.mimo-db.eu/InstrumentsKeywords/2381
http://data.europeana.eu/item/2059208/archives_items_16061_,http://www.mimo-db.eu/InstrumentsKeywords/2381
http://data.europeana.eu/item/2059208/archives_items_16084_,http://www.mimo-db.eu/InstrumentsKeywords/2381
http://data.europeana.eu/item/2059208/archives_items_16083_,http://www.mimo-db.eu/InstrumentsKeywords/2381
http://data.europeana.eu/item/2059208/archives_items_16061_,http://www.mimo-db.eu/InstrumentsKeywords/2381
http://data.europeana.eu/item/2059208/archives_items_16084_,http://www.mimo-db.eu/InstrumentsKeywords/2381
http://data.europeana.eu/item/2059208/archives_items_16083_,http://www.mimo-db.eu/InstrumentsKeywords/2381
http://data.europeana.eu/item/2059208/archives_items_16066_,http://www.mimo-db.eu/InstrumentsKeywords/2451
http://data.europeana.eu/item/2059208/archives_items_16066_,http://www.mimo-db.eu/InstrumentsKeywords/2471
http://data.europeana.eu/item/2059208/archives_items_16066_,http://www.mimo-db.eu/InstrumentsKeywords/2451
http://data.europeana.eu/item/2059208/archives_items_16066_,http://www.mimo-db.eu/InstrumentsKeywords/2471
http://data.europeana.eu/item/2059208/archives_items_16066_,http://www.mimo-db.eu/InstrumentsKeywords/2451
http://data.europeana.eu/item/2059208/archives_items_16066_,http://www.mimo-db.eu/InstrumentsKeywords/2471
http://data.europeana.eu/item/2059208/archives_items_16066_,http://www.mimo-db.eu/InstrumentsKeywords/2451
http://data.europeana.eu/item/2059208/archives_items_16066_,http://www.mimo-db.eu/InstrumentsKeywords/2471
http://data.europeana.eu/item/2059208/archives_items_16079_,http://www.mimo-db.eu/InstrumentsKeywords/3836
http://data.europeana.eu/item/2059208/archives_items_16079_,http://www.mimo-db.eu/InstrumentsKeywords/3836
http://data.europeana.eu/item/2059208/archives_items_16079_,http://www.mimo-db.eu/InstrumentsKeywords/3836
http://data.europeana.eu/item/2059208/archives_items_16079_,http://www.mimo-db.eu/InstrumentsKeywords/3836
http://data.europeana.eu/item/2059208/archives_items_16075_,http://www.mimo-db.eu/InstrumentsKeywords/3732
http://data.europeana.eu/item/2059208/archives_items_16075_,http://www.mimo-db.eu/InstrumentsKeywords/3732
http://data.europeana.eu/item/2059208/archives_items_16075_,http://www.mimo-db.eu/InstrumentsKeywords/3732
http://data.europeana.eu/item/2059208/archives_items_16075_,http://www.mimo-db.eu/InstrumentsKeywords/3732
http://data.europeana.eu/item/2059208/archives_items_16077_,http://www.mimo-db.eu/InstrumentsKeywords/3838
http://data.europeana.eu/item/2059208/archives_items_16077_,http://www.mimo-db.eu/InstrumentsKeywords/3838
http://data.europeana.eu/item/2059208/archives_items_16077_,http://www.mimo-db.eu/InstrumentsKeywords/3838
http://data.europeana.eu/item/2059208/archives_items_16077_,http://www.mimo-db.eu/InstrumentsKeywords/3838
http://data.europeana.eu/item/2059208/archives_items_16067_,http://www.mimo-db.eu/InstrumentsKeywords/6556
http://data.europeana.eu/item/2059208/archives_items_16069_,http://www.mimo-db.eu/InstrumentsKeywords/6556
http://data.europeana.eu/item/2059208/archives_items_16068_,http://www.mimo-db.eu/InstrumentsKeywords/6556
http://data.europeana.eu/item/2059208/archives_items_16067_,http://www.mimo-db.eu/InstrumentsKeywords/6556
http://data.europeana.eu/item/2059208/archives_items_16069_,http://www.mimo-db.eu/InstrumentsKeywords/6556
http://data.europeana.eu/item/2059208/archives_items_16068_,http://www.mimo-db.eu/InstrumentsKeywords/6556
http://data.europeana.eu/item/2059208/archives_items_16067_,http://www.mimo-db.eu/InstrumentsKeywords/6556
http://data.europeana.eu/item/2059208/archives_items_16069_,http://www.mimo-db.eu/InstrumentsKeywords/6556
http://data.europeana.eu/item/2059208/archives_items_16068_,http://www.mimo-db.eu/InstrumentsKeywords/6556
http://data.europeana.eu/item/2059208/archives_items_16067_,http://www.mimo-db.eu/InstrumentsKeywords/6556
http://data.europeana.eu/item/2059208/archives_items_16069_,http://www.mimo-db.eu/InstrumentsKeywords/6556
http://data.europeana.eu/item/2059208/archives_items_16068_,http://www.mimo-db.eu/InstrumentsKeywords/6556
http://data.europeana.eu/item/2059208/archives_items_16073_,http://www.mimo-db.eu/InstrumentsKeywords/4024
http://data.europeana.eu/item/2059208/archives_items_16073_,http://www.mimo-db.eu/InstrumentsKeywords/4024
http://data.europeana.eu/item/2059208/archives_items_16073_,http://www.mimo-db.eu/InstrumentsKeywords/4024
http://data.europeana.eu/item/2059208/archives_items_16073_,http://www.mimo-db.eu/InstrumentsKeywords/4024
http://data.europeana.eu/item/2059208/archives_items_16078_,http://www.mimo-db.eu/InstrumentsKeywords/3853
http://data.europeana.eu/item/2059208/archives_items_16078_,http://www.mimo-db.eu/InstrumentsKeywords/3853
http://data.europeana.eu/item/2059208/archives_items_16078_,http://www.mimo-db.eu/InstrumentsKeywords/3853
http://data.europeana.eu/item/2059208/archives_items_16078_,http://www.mimo-db.eu/InstrumentsKeywords/3853
http://data.europeana.eu/item/2059208/archives_items_16070_,http://www.mimo-db.eu/InstrumentsKeywords/3940
http://data.europeana.eu/item/2059208/archives_items_16070_,http://www.mimo-db.eu/InstrumentsKeywords/3940
http://data.europeana.eu/item/2059208/archives_items_16070_,http://www.mimo-db.eu/InstrumentsKeywords/3940
http://data.europeana.eu/item/2059208/archives_items_16070_,http://www.mimo-db.eu/InstrumentsKeywords/3940
http://data.europeana.eu/item/2059208/archives_items_16072_,http://www.mimo-db.eu/InstrumentsKeywords/3940
http://data.europeana.eu/item/2059208/archives_items_16072_,http://www.mimo-db.eu/InstrumentsKeywords/3940
http://data.europeana.eu/item/2059208/archives_items_16066_,http://www.mimo-db.eu/InstrumentsKeywords/2820
http://data.europeana.eu/item/2059208/archives_items_16066_,http://www.mimo-db.eu/InstrumentsKeywords/2820
http://data.europeana.eu/item/2059208/archives_items_16066_,http://www.mimo-db.eu/InstrumentsKeywords/2820
http://data.europeana.eu/item/2059208/archives_items_16066_,http://www.mimo-db.eu/InstrumentsKeywords/2820
http://data.europeana.eu/item/2059208/archives_items_16059_,http://www.mimo-db.eu/InstrumentsKeywords/3266
http://data.europeana.eu/item/2059208/archives_items_16059_,http://www.mimo-db.eu/InstrumentsKeywords/3266
http://data.europeana.eu/item/2059208/archives_items_16059_,http://www.mimo-db.eu/InstrumentsKeywords/3266
http://data.europeana.eu/item/2059208/archives_items_16059_,http://www.mimo-db.eu/InstrumentsKeywords/3266
http://data.europeana.eu/item/2059208/archives_items_16062_,http://www.mimo-db.eu/InstrumentsKeywords/5720
http://data.europeana.eu/item/2059208/archives_items_16062_,http://www.mimo-db.eu/InstrumentsKeywords/5720
http://data.europeana.eu/item/2059208/archives_items_16062_,http://www.mimo-db.eu/InstrumentsKeywords/5720
http://data.europeana.eu/item/2059208/archives_items_16062_,http://www.mimo-db.eu/InstrumentsKeywords/5720
http://data.europeana.eu/item/2059208/archives_items_16054_,http://www.mimo-db.eu/InstrumentsKeywords/3628
http://data.europeana.eu/item/2059208/archives_items_16054_,http://www.mimo-db.eu/InstrumentsKeywords/3628
http://data.europeana.eu/item/2059208/archives_items_16054_,http://www.mimo-db.eu/InstrumentsKeywords/3628
http://data.europeana.eu/item/2059208/archives_items_16054_,http://www.mimo-db.eu/InstrumentsKeywords/3628
http://data.europeana.eu/item/2059208/archives_items_16071_,http://www.mimo-db.eu/InstrumentsKeywords/3930
http://data.europeana.eu/item/2059208/archives_items_16071_,http://www.mimo-db.eu/InstrumentsKeywords/3930
http://data.europeana.eu/item/2059208/archives_items_16071_,http://www.mimo-db.eu/InstrumentsKeywords/3930
http://data.europeana.eu/item/2059208/archives_items_16071_,http://www.mimo-db.eu/InstrumentsKeywords/3930
http://data.europeana.eu/item/2059208/archives_items_16074_,http://www.mimo-db.eu/InstrumentsKeywords/4154
http://data.europeana.eu/item/2059208/archives_items_16074_,http://www.mimo-db.eu/InstrumentsKeywords/4154
http://data.europeana.eu/item/2059208/archives_items_16074_,http://www.mimo-db.eu/InstrumentsKeywords/4154
http://data.europeana.eu/item/2059208/archives_items_16074_,http://www.mimo-db.eu/InstrumentsKeywords/4154
http://data.europeana.eu/item/2059208/archives_items_16059_,http://www.mimo-db.eu/InstrumentsKeywords/5498
http://data.europeana.eu/item/2059208/archives_items_16059_,http://www.mimo-db.eu/InstrumentsKeywords/5498
http://data.europeana.eu/item/2059208/archives_items_16059_,http://www.mimo-db.eu/InstrumentsKeywords/5498
http://data.europeana.eu/item/2059208/archives_items_16059_,http://www.mimo-db.eu/InstrumentsKeywords/5498
http://data.europeana.eu/item/2059208/archives_items_16053_,http://www.mimo-db.eu/InstrumentsKeywords/5531
http://data.europeana.eu/item/2059208/archives_items_16053_,http://www.mimo-db.eu/InstrumentsKeywords/5531
http://data.europeana.eu/item/2059208/archives_items_16053_,http://www.mimo-db.eu/InstrumentsKeywords/5531
http://data.europeana.eu/item/2059208/archives_items_16053_,http://www.mimo-db.eu/InstrumentsKeywords/5531
http://data.europeana.eu/item/2059208/archives_items_16084_,http://www.mimo-db.eu/InstrumentsKeywords/3036
http://data.europeana.eu/item/2059208/archives_items_16084_,http://www.mimo-db.eu/InstrumentsKeywords/3036
http://data.europeana.eu/item/2059208/archives_items_16084_,http://www.mimo-db.eu/InstrumentsKeywords/3036
http://data.europeana.eu/item/2059208/archives_items_16084_,http://www.mimo-db.eu/InstrumentsKeywords/3036
http://data.europeana.eu/item/2059208/archives_items_16076_,http://www.mimo-db.eu/InstrumentsKeywords/4164
http://data.europeana.eu/item/2059208/archives_items_16076_,http://www.mimo-db.eu/InstrumentsKeywords/4232
http://data.europeana.eu/item/2059208/archives_items_16076_,http://www.mimo-db.eu/InstrumentsKeywords/4164
http://data.europeana.eu/item/2059208/archives_items_16076_,http://www.mimo-db.eu/InstrumentsKeywords/4232
http://data.europeana.eu/item/2059208/archives_items_16076_,http://www.mimo-db.eu/InstrumentsKeywords/4164
http://data.europeana.eu/item/2059208/archives_items_16076_,http://www.mimo-db.eu/InstrumentsKeywords/4232
http://data.europeana.eu/item/2059208/archives_items_16076_,http://www.mimo-db.eu/InstrumentsKeywords/4164
http://data.europeana.eu/item/2059208/archives_items_16076_,http://www.mimo-db.eu/InstrumentsKeywords/4232
