http://data.europeana.eu/item/2059211/dyn_portal_index_seam_page_alo_aloId_9782,http://www.mimo-db.eu/InstrumentsKeywords/3955
http://data.europeana.eu/item/2059211/dyn_portal_index_seam_page_alo_aloId_9795,http://www.mimo-db.eu/InstrumentsKeywords/3955
http://data.europeana.eu/item/2059211/dyn_portal_index_seam_page_alo_aloId_9781,http://www.mimo-db.eu/InstrumentsKeywords/3955
http://data.europeana.eu/item/2059211/dyn_portal_index_seam_page_alo_aloId_9782,http://www.mimo-db.eu/InstrumentsKeywords/3955
http://data.europeana.eu/item/2059211/dyn_portal_index_seam_page_alo_aloId_9795,http://www.mimo-db.eu/InstrumentsKeywords/3955
http://data.europeana.eu/item/2059211/dyn_portal_index_seam_page_alo_aloId_9781,http://www.mimo-db.eu/InstrumentsKeywords/3955
http://data.europeana.eu/item/2059211/dyn_portal_index_seam_page_alo_aloId_9782,http://www.mimo-db.eu/InstrumentsKeywords/3955
http://data.europeana.eu/item/2059211/dyn_portal_index_seam_page_alo_aloId_9795,http://www.mimo-db.eu/InstrumentsKeywords/3955
http://data.europeana.eu/item/2059211/dyn_portal_index_seam_page_alo_aloId_9781,http://www.mimo-db.eu/InstrumentsKeywords/3955
http://data.europeana.eu/item/2059211/dyn_portal_index_seam_page_alo_aloId_9782,http://www.mimo-db.eu/InstrumentsKeywords/3955
http://data.europeana.eu/item/2059211/dyn_portal_index_seam_page_alo_aloId_9795,http://www.mimo-db.eu/InstrumentsKeywords/3955
http://data.europeana.eu/item/2059211/dyn_portal_index_seam_page_alo_aloId_9781,http://www.mimo-db.eu/InstrumentsKeywords/3955
http://data.europeana.eu/item/2059211/dyn_portal_index_seam_page_alo_aloId_9768,http://www.mimo-db.eu/InstrumentsKeywords/3573
http://data.europeana.eu/item/2059211/dyn_portal_index_seam_page_alo_aloId_9767,http://www.mimo-db.eu/InstrumentsKeywords/3573
http://data.europeana.eu/item/2059211/dyn_portal_index_seam_page_alo_aloId_9803,http://www.mimo-db.eu/InstrumentsKeywords/3573
http://data.europeana.eu/item/2059211/dyn_portal_index_seam_page_alo_aloId_9802,http://www.mimo-db.eu/InstrumentsKeywords/3573
http://data.europeana.eu/item/2059211/dyn_portal_index_seam_page_alo_aloId_9792,http://www.mimo-db.eu/InstrumentsKeywords/3573
http://data.europeana.eu/item/2059211/dyn_portal_index_seam_page_alo_aloId_9799,http://www.mimo-db.eu/InstrumentsKeywords/3573
http://data.europeana.eu/item/2059211/dyn_portal_index_seam_page_alo_aloId_9801,http://www.mimo-db.eu/InstrumentsKeywords/3573
http://data.europeana.eu/item/2059211/dyn_portal_index_seam_page_alo_aloId_9800,http://www.mimo-db.eu/InstrumentsKeywords/3573
http://data.europeana.eu/item/2059211/dyn_portal_index_seam_page_alo_aloId_9798,http://www.mimo-db.eu/InstrumentsKeywords/3573
http://data.europeana.eu/item/2059211/dyn_portal_index_seam_page_alo_aloId_9766,http://www.mimo-db.eu/InstrumentsKeywords/3573
http://data.europeana.eu/item/2059211/dyn_portal_index_seam_page_alo_aloId_9788,http://www.mimo-db.eu/InstrumentsKeywords/3573
http://data.europeana.eu/item/2059211/dyn_portal_index_seam_page_alo_aloId_9797,http://www.mimo-db.eu/InstrumentsKeywords/3573
http://data.europeana.eu/item/2059211/dyn_portal_index_seam_page_alo_aloId_9768,http://www.mimo-db.eu/InstrumentsKeywords/3573
http://data.europeana.eu/item/2059211/dyn_portal_index_seam_page_alo_aloId_9767,http://www.mimo-db.eu/InstrumentsKeywords/3573
http://data.europeana.eu/item/2059211/dyn_portal_index_seam_page_alo_aloId_9803,http://www.mimo-db.eu/InstrumentsKeywords/3573
http://data.europeana.eu/item/2059211/dyn_portal_index_seam_page_alo_aloId_9802,http://www.mimo-db.eu/InstrumentsKeywords/3573
http://data.europeana.eu/item/2059211/dyn_portal_index_seam_page_alo_aloId_9792,http://www.mimo-db.eu/InstrumentsKeywords/3573
http://data.europeana.eu/item/2059211/dyn_portal_index_seam_page_alo_aloId_9799,http://www.mimo-db.eu/InstrumentsKeywords/3573
http://data.europeana.eu/item/2059211/dyn_portal_index_seam_page_alo_aloId_9801,http://www.mimo-db.eu/InstrumentsKeywords/3573
http://data.europeana.eu/item/2059211/dyn_portal_index_seam_page_alo_aloId_9800,http://www.mimo-db.eu/InstrumentsKeywords/3573
http://data.europeana.eu/item/2059211/dyn_portal_index_seam_page_alo_aloId_9798,http://www.mimo-db.eu/InstrumentsKeywords/3573
http://data.europeana.eu/item/2059211/dyn_portal_index_seam_page_alo_aloId_9766,http://www.mimo-db.eu/InstrumentsKeywords/3573
http://data.europeana.eu/item/2059211/dyn_portal_index_seam_page_alo_aloId_9788,http://www.mimo-db.eu/InstrumentsKeywords/3573
http://data.europeana.eu/item/2059211/dyn_portal_index_seam_page_alo_aloId_9797,http://www.mimo-db.eu/InstrumentsKeywords/3573
http://data.europeana.eu/item/2059211/dyn_portal_index_seam_page_alo_aloId_9768,http://www.mimo-db.eu/InstrumentsKeywords/3573
http://data.europeana.eu/item/2059211/dyn_portal_index_seam_page_alo_aloId_9767,http://www.mimo-db.eu/InstrumentsKeywords/3573
http://data.europeana.eu/item/2059211/dyn_portal_index_seam_page_alo_aloId_9803,http://www.mimo-db.eu/InstrumentsKeywords/3573
http://data.europeana.eu/item/2059211/dyn_portal_index_seam_page_alo_aloId_9802,http://www.mimo-db.eu/InstrumentsKeywords/3573
http://data.europeana.eu/item/2059211/dyn_portal_index_seam_page_alo_aloId_9792,http://www.mimo-db.eu/InstrumentsKeywords/3573
http://data.europeana.eu/item/2059211/dyn_portal_index_seam_page_alo_aloId_9799,http://www.mimo-db.eu/InstrumentsKeywords/3573
http://data.europeana.eu/item/2059211/dyn_portal_index_seam_page_alo_aloId_9801,http://www.mimo-db.eu/InstrumentsKeywords/3573
http://data.europeana.eu/item/2059211/dyn_portal_index_seam_page_alo_aloId_9800,http://www.mimo-db.eu/InstrumentsKeywords/3573
http://data.europeana.eu/item/2059211/dyn_portal_index_seam_page_alo_aloId_9798,http://www.mimo-db.eu/InstrumentsKeywords/3573
http://data.europeana.eu/item/2059211/dyn_portal_index_seam_page_alo_aloId_9766,http://www.mimo-db.eu/InstrumentsKeywords/3573
http://data.europeana.eu/item/2059211/dyn_portal_index_seam_page_alo_aloId_9788,http://www.mimo-db.eu/InstrumentsKeywords/3573
http://data.europeana.eu/item/2059211/dyn_portal_index_seam_page_alo_aloId_9797,http://www.mimo-db.eu/InstrumentsKeywords/3573
http://data.europeana.eu/item/2059211/dyn_portal_index_seam_page_alo_aloId_9768,http://www.mimo-db.eu/InstrumentsKeywords/3573
http://data.europeana.eu/item/2059211/dyn_portal_index_seam_page_alo_aloId_9767,http://www.mimo-db.eu/InstrumentsKeywords/3573
http://data.europeana.eu/item/2059211/dyn_portal_index_seam_page_alo_aloId_9803,http://www.mimo-db.eu/InstrumentsKeywords/3573
http://data.europeana.eu/item/2059211/dyn_portal_index_seam_page_alo_aloId_9802,http://www.mimo-db.eu/InstrumentsKeywords/3573
http://data.europeana.eu/item/2059211/dyn_portal_index_seam_page_alo_aloId_9792,http://www.mimo-db.eu/InstrumentsKeywords/3573
http://data.europeana.eu/item/2059211/dyn_portal_index_seam_page_alo_aloId_9799,http://www.mimo-db.eu/InstrumentsKeywords/3573
http://data.europeana.eu/item/2059211/dyn_portal_index_seam_page_alo_aloId_9801,http://www.mimo-db.eu/InstrumentsKeywords/3573
http://data.europeana.eu/item/2059211/dyn_portal_index_seam_page_alo_aloId_9800,http://www.mimo-db.eu/InstrumentsKeywords/3573
http://data.europeana.eu/item/2059211/dyn_portal_index_seam_page_alo_aloId_9798,http://www.mimo-db.eu/InstrumentsKeywords/3573
http://data.europeana.eu/item/2059211/dyn_portal_index_seam_page_alo_aloId_9766,http://www.mimo-db.eu/InstrumentsKeywords/3573
http://data.europeana.eu/item/2059211/dyn_portal_index_seam_page_alo_aloId_9788,http://www.mimo-db.eu/InstrumentsKeywords/3573
http://data.europeana.eu/item/2059211/dyn_portal_index_seam_page_alo_aloId_9797,http://www.mimo-db.eu/InstrumentsKeywords/3573
http://data.europeana.eu/item/2059211/dyn_portal_index_seam_page_alo_aloId_9768,http://www.mimo-db.eu/InstrumentsKeywords/2873
http://data.europeana.eu/item/2059211/dyn_portal_index_seam_page_alo_aloId_9800,http://www.mimo-db.eu/InstrumentsKeywords/2873
http://data.europeana.eu/item/2059211/dyn_portal_index_seam_page_alo_aloId_9775,http://www.mimo-db.eu/InstrumentsKeywords/2873
http://data.europeana.eu/item/2059211/dyn_portal_index_seam_page_alo_aloId_9798,http://www.mimo-db.eu/InstrumentsKeywords/2873
http://data.europeana.eu/item/2059211/dyn_portal_index_seam_page_alo_aloId_9801,http://www.mimo-db.eu/InstrumentsKeywords/2873
http://data.europeana.eu/item/2059211/dyn_portal_index_seam_page_alo_aloId_9788,http://www.mimo-db.eu/InstrumentsKeywords/2873
http://data.europeana.eu/item/2059211/dyn_portal_index_seam_page_alo_aloId_9768,http://www.mimo-db.eu/InstrumentsKeywords/2873
http://data.europeana.eu/item/2059211/dyn_portal_index_seam_page_alo_aloId_9800,http://www.mimo-db.eu/InstrumentsKeywords/2873
http://data.europeana.eu/item/2059211/dyn_portal_index_seam_page_alo_aloId_9775,http://www.mimo-db.eu/InstrumentsKeywords/2873
http://data.europeana.eu/item/2059211/dyn_portal_index_seam_page_alo_aloId_9798,http://www.mimo-db.eu/InstrumentsKeywords/2873
http://data.europeana.eu/item/2059211/dyn_portal_index_seam_page_alo_aloId_9801,http://www.mimo-db.eu/InstrumentsKeywords/2873
http://data.europeana.eu/item/2059211/dyn_portal_index_seam_page_alo_aloId_9788,http://www.mimo-db.eu/InstrumentsKeywords/2873
http://data.europeana.eu/item/2059211/dyn_portal_index_seam_page_alo_aloId_9768,http://www.mimo-db.eu/InstrumentsKeywords/2873
http://data.europeana.eu/item/2059211/dyn_portal_index_seam_page_alo_aloId_9800,http://www.mimo-db.eu/InstrumentsKeywords/2873
http://data.europeana.eu/item/2059211/dyn_portal_index_seam_page_alo_aloId_9775,http://www.mimo-db.eu/InstrumentsKeywords/2873
http://data.europeana.eu/item/2059211/dyn_portal_index_seam_page_alo_aloId_9798,http://www.mimo-db.eu/InstrumentsKeywords/2873
http://data.europeana.eu/item/2059211/dyn_portal_index_seam_page_alo_aloId_9801,http://www.mimo-db.eu/InstrumentsKeywords/2873
http://data.europeana.eu/item/2059211/dyn_portal_index_seam_page_alo_aloId_9788,http://www.mimo-db.eu/InstrumentsKeywords/2873
http://data.europeana.eu/item/2059211/dyn_portal_index_seam_page_alo_aloId_9768,http://www.mimo-db.eu/InstrumentsKeywords/2873
http://data.europeana.eu/item/2059211/dyn_portal_index_seam_page_alo_aloId_9800,http://www.mimo-db.eu/InstrumentsKeywords/2873
http://data.europeana.eu/item/2059211/dyn_portal_index_seam_page_alo_aloId_9775,http://www.mimo-db.eu/InstrumentsKeywords/2873
http://data.europeana.eu/item/2059211/dyn_portal_index_seam_page_alo_aloId_9798,http://www.mimo-db.eu/InstrumentsKeywords/2873
http://data.europeana.eu/item/2059211/dyn_portal_index_seam_page_alo_aloId_9801,http://www.mimo-db.eu/InstrumentsKeywords/2873
http://data.europeana.eu/item/2059211/dyn_portal_index_seam_page_alo_aloId_9788,http://www.mimo-db.eu/InstrumentsKeywords/2873
http://data.europeana.eu/item/2059211/dyn_portal_index_seam_page_alo_aloId_9799,http://www.mimo-db.eu/InstrumentsKeywords/3237
http://data.europeana.eu/item/2059211/dyn_portal_index_seam_page_alo_aloId_9792,http://www.mimo-db.eu/InstrumentsKeywords/3237
http://data.europeana.eu/item/2059211/dyn_portal_index_seam_page_alo_aloId_9800,http://www.mimo-db.eu/InstrumentsKeywords/3237
http://data.europeana.eu/item/2059211/dyn_portal_index_seam_page_alo_aloId_9788,http://www.mimo-db.eu/InstrumentsKeywords/3237
http://data.europeana.eu/item/2059211/dyn_portal_index_seam_page_alo_aloId_9797,http://www.mimo-db.eu/InstrumentsKeywords/3237
http://data.europeana.eu/item/2059211/dyn_portal_index_seam_page_alo_aloId_9767,http://www.mimo-db.eu/InstrumentsKeywords/3237
http://data.europeana.eu/item/2059211/dyn_portal_index_seam_page_alo_aloId_9803,http://www.mimo-db.eu/InstrumentsKeywords/3237
http://data.europeana.eu/item/2059211/dyn_portal_index_seam_page_alo_aloId_9766,http://www.mimo-db.eu/InstrumentsKeywords/3237
http://data.europeana.eu/item/2059211/dyn_portal_index_seam_page_alo_aloId_9801,http://www.mimo-db.eu/InstrumentsKeywords/3237
http://data.europeana.eu/item/2059211/dyn_portal_index_seam_page_alo_aloId_9768,http://www.mimo-db.eu/InstrumentsKeywords/3237
http://data.europeana.eu/item/2059211/dyn_portal_index_seam_page_alo_aloId_9798,http://www.mimo-db.eu/InstrumentsKeywords/3237
http://data.europeana.eu/item/2059211/dyn_portal_index_seam_page_alo_aloId_9802,http://www.mimo-db.eu/InstrumentsKeywords/3237
http://data.europeana.eu/item/2059211/dyn_portal_index_seam_page_alo_aloId_9799,http://www.mimo-db.eu/InstrumentsKeywords/3237
http://data.europeana.eu/item/2059211/dyn_portal_index_seam_page_alo_aloId_9792,http://www.mimo-db.eu/InstrumentsKeywords/3237
http://data.europeana.eu/item/2059211/dyn_portal_index_seam_page_alo_aloId_9800,http://www.mimo-db.eu/InstrumentsKeywords/3237
http://data.europeana.eu/item/2059211/dyn_portal_index_seam_page_alo_aloId_9788,http://www.mimo-db.eu/InstrumentsKeywords/3237
http://data.europeana.eu/item/2059211/dyn_portal_index_seam_page_alo_aloId_9797,http://www.mimo-db.eu/InstrumentsKeywords/3237
http://data.europeana.eu/item/2059211/dyn_portal_index_seam_page_alo_aloId_9767,http://www.mimo-db.eu/InstrumentsKeywords/3237
http://data.europeana.eu/item/2059211/dyn_portal_index_seam_page_alo_aloId_9803,http://www.mimo-db.eu/InstrumentsKeywords/3237
http://data.europeana.eu/item/2059211/dyn_portal_index_seam_page_alo_aloId_9766,http://www.mimo-db.eu/InstrumentsKeywords/3237
http://data.europeana.eu/item/2059211/dyn_portal_index_seam_page_alo_aloId_9801,http://www.mimo-db.eu/InstrumentsKeywords/3237
http://data.europeana.eu/item/2059211/dyn_portal_index_seam_page_alo_aloId_9768,http://www.mimo-db.eu/InstrumentsKeywords/3237
http://data.europeana.eu/item/2059211/dyn_portal_index_seam_page_alo_aloId_9798,http://www.mimo-db.eu/InstrumentsKeywords/3237
http://data.europeana.eu/item/2059211/dyn_portal_index_seam_page_alo_aloId_9802,http://www.mimo-db.eu/InstrumentsKeywords/3237
http://data.europeana.eu/item/2059211/dyn_portal_index_seam_page_alo_aloId_9799,http://www.mimo-db.eu/InstrumentsKeywords/3237
http://data.europeana.eu/item/2059211/dyn_portal_index_seam_page_alo_aloId_9792,http://www.mimo-db.eu/InstrumentsKeywords/3237
http://data.europeana.eu/item/2059211/dyn_portal_index_seam_page_alo_aloId_9800,http://www.mimo-db.eu/InstrumentsKeywords/3237
http://data.europeana.eu/item/2059211/dyn_portal_index_seam_page_alo_aloId_9788,http://www.mimo-db.eu/InstrumentsKeywords/3237
http://data.europeana.eu/item/2059211/dyn_portal_index_seam_page_alo_aloId_9797,http://www.mimo-db.eu/InstrumentsKeywords/3237
http://data.europeana.eu/item/2059211/dyn_portal_index_seam_page_alo_aloId_9767,http://www.mimo-db.eu/InstrumentsKeywords/3237
http://data.europeana.eu/item/2059211/dyn_portal_index_seam_page_alo_aloId_9803,http://www.mimo-db.eu/InstrumentsKeywords/3237
http://data.europeana.eu/item/2059211/dyn_portal_index_seam_page_alo_aloId_9766,http://www.mimo-db.eu/InstrumentsKeywords/3237
http://data.europeana.eu/item/2059211/dyn_portal_index_seam_page_alo_aloId_9801,http://www.mimo-db.eu/InstrumentsKeywords/3237
http://data.europeana.eu/item/2059211/dyn_portal_index_seam_page_alo_aloId_9768,http://www.mimo-db.eu/InstrumentsKeywords/3237
http://data.europeana.eu/item/2059211/dyn_portal_index_seam_page_alo_aloId_9798,http://www.mimo-db.eu/InstrumentsKeywords/3237
http://data.europeana.eu/item/2059211/dyn_portal_index_seam_page_alo_aloId_9802,http://www.mimo-db.eu/InstrumentsKeywords/3237
http://data.europeana.eu/item/2059211/dyn_portal_index_seam_page_alo_aloId_9799,http://www.mimo-db.eu/InstrumentsKeywords/3237
http://data.europeana.eu/item/2059211/dyn_portal_index_seam_page_alo_aloId_9792,http://www.mimo-db.eu/InstrumentsKeywords/3237
http://data.europeana.eu/item/2059211/dyn_portal_index_seam_page_alo_aloId_9800,http://www.mimo-db.eu/InstrumentsKeywords/3237
http://data.europeana.eu/item/2059211/dyn_portal_index_seam_page_alo_aloId_9788,http://www.mimo-db.eu/InstrumentsKeywords/3237
http://data.europeana.eu/item/2059211/dyn_portal_index_seam_page_alo_aloId_9797,http://www.mimo-db.eu/InstrumentsKeywords/3237
http://data.europeana.eu/item/2059211/dyn_portal_index_seam_page_alo_aloId_9767,http://www.mimo-db.eu/InstrumentsKeywords/3237
http://data.europeana.eu/item/2059211/dyn_portal_index_seam_page_alo_aloId_9803,http://www.mimo-db.eu/InstrumentsKeywords/3237
http://data.europeana.eu/item/2059211/dyn_portal_index_seam_page_alo_aloId_9766,http://www.mimo-db.eu/InstrumentsKeywords/3237
http://data.europeana.eu/item/2059211/dyn_portal_index_seam_page_alo_aloId_9801,http://www.mimo-db.eu/InstrumentsKeywords/3237
http://data.europeana.eu/item/2059211/dyn_portal_index_seam_page_alo_aloId_9768,http://www.mimo-db.eu/InstrumentsKeywords/3237
http://data.europeana.eu/item/2059211/dyn_portal_index_seam_page_alo_aloId_9798,http://www.mimo-db.eu/InstrumentsKeywords/3237
http://data.europeana.eu/item/2059211/dyn_portal_index_seam_page_alo_aloId_9802,http://www.mimo-db.eu/InstrumentsKeywords/3237
